Grid_Size,Num_Threads,Num_Births,Is_Serial,Execution_Time
64,1,1000,0,I am outsidee 
0.163181
64,1,1000,0,I am outsidee 
0.158755
64,1,1000,0,I am outsidee 
0.156537
64,1,1000,0,I am outsidee 
0.166872
64,2,1000,0,I am outsidee 
0.161621
64,2,1000,0,I am outsidee 
0.157194
64,2,1000,0,I am outsidee 
0.158096
64,2,1000,0,I am outsidee 
0.168377
64,4,1000,0,I am outsidee 
0.163830
64,4,1000,0,I am outsidee 
0.157827
64,4,1000,0,I am outsidee 
0.164520
64,4,1000,0,I am outsidee 
0.160340
64,8,1000,0,I am outsidee 
0.165550
64,8,1000,0,I am outsidee 
0.160820
64,8,1000,0,I am outsidee 
0.164665
64,8,1000,0,I am outsidee 
0.159477
64,16,1000,0,I am outsidee 
0.157118
64,16,1000,0,I am outsidee 
0.161596
64,16,1000,0,I am outsidee 
0.165167
64,16,1000,0,I am outsidee 
0.159484
64,32,1000,0,I am outsidee 
0.167538
64,32,1000,0,I am outsidee 
0.166041
64,32,1000,0,I am outsidee 
0.169117
64,32,1000,0,I am outsidee 
0.159483
1024,1,1000,0,I am outsidee 
40.532712
1024,1,1000,0,I am outsidee 
40.414173
