matrix_size,Is_serial,Is_row_or_collumn,Execution_time
100,1,0,0.000076
100,1,0,0.000076
100,1,0,0.000077
100,1,0,0.000076
1000,1,0,0.001653
1000,1,0,0.001584
1000,1,0,0.001521
1000,1,0,0.001495
10000,1,0,0.143546
10000,1,0,0.143651
10000,1,0,0.143269
10000,1,0,0.146425
100,1,1,0.000018
100,1,1,0.000019
100,1,1,0.000054
100,1,1,0.000059
1000,1,1,0.003849
1000,1,1,0.002055
1000,1,1,0.002925
1000,1,1,0.002032
10000,1,1,0.450852
10000,1,1,0.443724
10000,1,1,0.439505
10000,1,1,0.437822
