matrix_size,Is_serial,Is_row_or_collumn,Execution_time
100,1,0,0.003563
100,1,0,0.001647
100,1,0,0.001307
100,1,0,0.001286
1000,1,0,0.001366
1000,1,0,0.001285
1000,1,0,0.001768
1000,1,0,0.001377
10000,1,0,0.001423
10000,1,0,0.001287
10000,1,0,0.001394
10000,1,0,0.001288
100,1,1,0.001336
100,1,1,0.001288
100,1,1,0.001291
100,1,1,0.001350
1000,1,1,0.001382
1000,1,1,0.001348
1000,1,1,0.001284
1000,1,1,0.001290
10000,1,1,0.001286
10000,1,1,0.002734
10000,1,1,0.001421
10000,1,1,0.001342
